{"training_time": 120, "track_number": 69, "Config_path": "./RacingCar.config", "best_policy_path": "run_part1_2024-12-05_11:37:57/best_genome_120sec_69tracks", "is_saved": true, "reward_history": [-190.73, -190.73, -190.73, -190.73], "reward_time": [17.11336499103345, 58.983684801030904, 101.21679832501104, 249.7475221880013], "global_volatility": 0.0, "model_size": 80, "policy_time": 7.476599421352148e-05, "policy_score": -1236.9161111111114}