{"training_time": 60, "track_number": 40, "Config_path": "./RacingCar.config", "best_policy_path": "run_part1_2024-12-05_11:37:57/best_genome_60sec_40tracks", "is_saved": true, "reward_history": [-190.73, -190.73, -190.73], "reward_time": [16.088030767976306, 58.9997579039773, 105.30121422797674], "global_volatility": 0.0, "model_size": 80, "policy_time": 7.297401316463947e-05, "policy_score": -3160.680638297872}