{"training_time": 60, "track_number": 8, "Config_path": "./RacingCar.config", "best_policy_path": "run_part1_2024-12-05_11:37:57/best_genome_60sec_8tracks", "is_saved": true, "reward_history": [-190.73, -190.73, -186.78000000000003], "reward_time": [16.649090764985885, 56.832592124002986, 116.4348951280117], "global_volatility": 1.8620478571245564, "model_size": 83, "policy_time": 8.470198372378945e-05, "policy_score": -475.40392405063295}