{"training_time": 3600, "track_number": 69, "Config_path": "./RacingCar2.config", "best_policy_path": "run_part1_2024-12-06_14:46:15/best_genome_3600sec_69tracks", "is_saved": true, "reward_history": [-190.14, -190.14, -190.14, -173.53999999999968, -99.33999999999901, 54.33999999999895, -141.55999999999966, 32.44000000000079, 46.85999999999939, 17.840000000000543, -173.78000000000014, -72.63999999999953, -5.440000000000282, 64.65999999999843, 64.65999999999843, 30.880000000001758], "reward_time": [170.69750055699842, 361.69652824499644, 527.6754678299912, 952.3894268379954, 1242.1071627799975, 1467.3501665459917, 1763.313889344994, 2014.2387922709895, 2252.8622907919926, 2458.8405571729963, 2662.486839456993, 2874.239729579989, 3110.5416131899983, 3343.1619212349906, 3565.4145086609933, 3805.7974425659922], "global_volatility": 101.96281295158518, "model_size": 98, "policy_time": 0.00010288100747857243, "policy_score": -282.59000000000015}