{"training_time": 60, "track_number": 87, "global_volatility": 0.2236718419907486, "model_size": 368911, "policy_time": 0.0017500839894637465, "policy_score": -1.0225236121918995, "reward_history": [-0.27197501398040913, -0.33174498853622936, -0.2590149888783344, -0.349069988282281, -0.2637850141618401, -0.256785014331399, -0.26389500078948913, -0.26282501412788406, -0.36784000925399596, -0.24641998892911943, -0.29962501420232, -0.31516500496218214, -0.24157000508421334, -0.15695999754825607, -0.23575999597233022, -0.24749000064184656, -0.24047500076994766, -0.32955501379910856, -0.2413800053182058, -0.0953650027513504, -0.2567850098130293, -0.312920013879193, -0.26165000524633797, -0.24047500044252956, -0.25142000964842737, -0.3074200139089953, -0.23252000619686441, -0.2136549978313269, -0.2855450051720254, -0.24264999841398094, -0.2511500051259645, -0.2730550097185187, -0.2569200143334456, -0.285689988755621, -0.24665500035189325, -0.24201500971685164, -0.2620300007474725, -0.2561500052761403, -0.2532849891576916, -0.24084000078437384, -0.24569000967312604, -0.23516499619290698, -0.24638000526465476, -0.24061000496294582, -0.2646499887050595, -0.26916500512015773, -0.2567850098130293, -0.2519200141832698, -0.28455500947893597, -0.24605500968755223, -0.3509200091357343, -0.24047500044252956, -0.2506100053069531, -0.24047500044252956, -0.22169499562005512, -0.2506500053059426, -0.42585500348650385, -0.2720300137370941, -0.33419001373113133, -0.22550500470970292, -0.24047500044252956, -0.24134000531194033, -0.2608000140171498, -0.26022999713313766, -0.2462350021014572, -0.2523550091209472, -0.0953650027513504, -0.24047500044252956, -0.33703000928653637, -0.4432499950489728, -0.22972000632580603, -0.22508500512049068, -0.1877399926452199, -0.0953650027513504, -0.27241000519279623, -0.2568550143405446, -0.0953650027513504, -0.9573299968178617, -0.2040649981572642, -0.36133999581215903, -0.2633800143375993, -0.9339000031541218, -0.23616500078787794, -0.8840400066910661, -0.2507850098263589, -0.24605501419864595, -0.36683000882476335, -0.7847799931259942, -0.2615300146062509, -0.10086500272154808, -0.24188499726733426, -0.24827499563252786, -0.22964000199135626, -0.25692000199342147, -0.24822999765456188, -0.1948349978410988, -0.6561849872596213, -0.33501500918646343, -1.4699449962718063, -0.44561501229327405, -0.22414000234857667, -0.1935500151303131, -0.21497999590064865, -0.24672499309963314, -0.45314501212124014, -0.10086500272154808, -0.18095999639626825, -0.21506000501540257, -0.0953650027513504, -1.779364987036388, -0.18683499745384324, -0.301104994781781, -0.2593850065532024, -0.22037000912678195, -0.23810500680701807, -0.058544995219563134, -0.24170499766478315, -0.28091499585571, -0.5093249949277379, -0.14770499393489445, -0.5298499942218768, -0.21072500748414313, -0.2041699964174768, -0.25045000984391663, -0.3176450019745971, -0.16917499350529397, -0.0953650027513504, -0.19306500240782043, -0.20294000623107422, -0.1919550067759701, -0.22414000202115858, -0.24109998859785264, -0.2305900099745486, -0.5904700127139222, -0.23109000959811965, -0.24818500979745295, -0.0953650027513504, -0.3472250095292111, -0.20944000947201857, -0.2523350070405286, -0.2556649962425581, -1.0272349835649948, -0.48876000721065793, -0.20553500726236962, -0.2077099979869672, -0.09951499676390085, -0.22563999618432717, -0.17507000031037023, -0.12499500003468711, -0.7026800012536114, -0.7314550120645436, -0.23887000186368823, -0.6030950045242207, -0.25460500529879937, -0.6818100054370007, -0.2125750095146941, -0.30913499737653183, -0.6916000007695402, -0.9269800028196187, -0.29857000199262984, -0.31115999879693845], "reward_time": [0.04147054208442569, 0.1194112499943003, 0.18306916707661003, 0.3229347920278087, 0.38145704206544906, 0.42299937503412366, 0.501448875060305, 0.5450512079987675, 0.7576084170723334, 0.789354708045721, 0.9986287080682814, 1.2038492080755532, 1.2880453329999, 1.387344375019893, 1.4431130830198526, 1.5332462079823017, 1.5612173749832436, 1.6807073750533164, 1.7331446669995785, 1.7440822920762002, 1.7872854170855135, 1.9387823330471292, 1.9870570830535144, 2.0294480830198154, 2.0623565419809893, 2.1701446670340374, 2.3189383330754936, 2.4009584999876097, 2.5715913330204785, 2.9277699580416083, 2.9636260829865932, 3.0226009170291945, 3.059407375054434, 3.1279804169898853, 3.4566885830136016, 3.5292222080752254, 3.756485625053756, 3.8101750829955563, 3.8666708749951795, 3.9216485830256715, 3.964219250017777, 4.014973000041209, 4.0643990830285475, 4.106156542082317, 4.213692583027296, 4.403973583015613, 4.469149417011067, 4.532889667083509, 4.621322749997489, 4.654552125022747, 4.826721333083697, 4.8676580000901595, 4.900186083046719, 4.938971791998483, 5.089539000065997, 5.118586625088938, 5.349227333092131, 5.518193708034232, 5.650343458051793, 5.756110707996413, 5.796806458034553, 5.856917917029932, 6.082712167059071, 6.425194417010061, 6.527079625055194, 6.625224333023652, 6.635619624983519, 6.6738103330135345, 6.936780833057128, 7.480343708069995, 7.550224000005983, 7.61391737498343, 7.761964707984589, 7.77218966698274, 7.900155249983072, 7.992533042095602, 8.002993333037011, 9.845876333070919, 10.04821133299265, 10.644204333075322, 10.74348683306016, 12.610898458049633, 12.685502792010084, 14.044464542064816, 14.078981750062667, 14.107839750009589, 14.499872792046517, 15.656640250002965, 16.148393250070512, 16.167458457988687, 16.315516667091288, 16.443062833044678, 16.5458759580506, 16.812576292082667, 17.054170250077732, 17.86095958307851, 18.801252583041787, 19.080441083060578, 22.0635945830727, 23.097567833028734, 23.167509875027463, 23.303216292057186, 23.427052083075978, 23.52593700005673, 24.223464749986306, 24.243052458041348, 24.59215891698841, 24.69507166708354, 24.705179166980088, 29.881529417005368, 30.048276792047545, 31.431801333092153, 31.552104792091995, 31.64250079204794, 32.03477337502409, 32.45214412501082, 32.96515558299143, 33.51497479202226, 34.77791383303702, 34.95582995808218, 35.895100917085074, 36.06155079207383, 36.18386512505822, 36.266343958093785, 36.957680082996376, 37.09483087505214, 37.10501566703897, 37.33531724999193, 37.4985414580442, 37.613703417009674, 37.68490679201204, 37.89771550009027, 38.20465291698929, 39.42996233305894, 39.79243804200087, 39.93654254206922, 39.94588591705542, 40.41956549999304, 40.54453787498642, 40.87524058308918, 40.944455082993954, 43.45140441705007, 45.19006183301099, 45.344094458036125, 45.43925770802889, 46.13350820809137, 46.248351917020045, 46.67909116705414, 47.12747729208786, 48.3981143750716, 49.09517008299008, 49.555332874995656, 50.55155720806215, 50.72169183299411, 52.32883783301804, 52.480342583032325, 52.81561312498525, 55.164404583047144, 58.57395833299961, 58.956017457996495, 60.09349229198415],