{"training_time": 60, "track_number": 87, "global_volatility": 0.251530005265276, "model_size": 368911, "policy_time": 0.0010466249659657478, "policy_score": -0.5722763917272206, "reward_history": [-0.29720500490657287, -0.28588001398020424, -0.2942600140813738, -0.4096650132414652, -0.2511900096433237, -0.29224500933196396, -0.27407000456150854, -0.2414750098323566, -0.27978501385223353, -0.33551501398324035, -0.26911000503605464, -0.3412450136966072, -0.28624500933801755, -0.3049750138015952, -0.25115000984078506, -0.2959200094337575, -0.24089499603724107, -0.20285999302723212, -0.24088000529445708, -0.24124500530888326, -0.26805500956834294, -0.25788000522879884, -0.2546650052900077, -0.20457499647454824, -0.26355498866178095, -0.26232501410413533, -0.25655500980792567, -0.24678501403104747, -0.25142000964842737, -0.26292000961257145, -0.24061000529036392, -0.36732501356163993, -0.22972000665322412, -0.24597500074014533, -0.2631899888510816, -0.36378498817794025, -0.2352200066234218, -0.19804999757616315, -0.2566500050961622, -0.17471499934617896, -0.26205500977812335, -0.24088000981282676, -0.21937999737565406, -0.28469001399935223, -0.2860450052321539, -0.2412850140608498, -0.31878498837613733, -0.2621900095837191, -0.2566900096135214, -0.2511900096433237, -0.2515550096577499, -0.24565000515576685, -0.20861499810416717, -0.24878498882753775, -0.38832501359866, -0.2936250093698618, -0.36098998814850347, -0.27515001405845396, -0.4414749959250912, -0.2301250049858936, -0.22454500100866426, -0.4694749879417941, -0.3827399953297572, -0.2655950000334997, -0.24336499720811844, -0.28783998842845904, -0.3122599886264652, -0.5378300038355519, -0.2496400098243612, -0.42574498790781945, -0.25874501414364204, -0.3545949964609463, -0.24097500981588382, -0.48712499876273796, -0.7512200026612845, -0.29345999989891425, -0.5949550036166329, -0.20871000199986156, -0.2377050142385997, -0.7854399857460521, -0.4363800131250173, -0.7560599865610129, -0.5100650012245751, -0.1306299943898921, -0.16863500415638555, -0.5964350077047129, -0.41661000051681185, -0.2186550143524073, -0.5237149948006845, -0.19956500319676707, -0.23557000975415576, -0.5079100128859864, -0.20948000629869057, -0.17044499864277896, -0.6507049944630126, -0.20678499776113313, -0.24637998880643863, -0.2782299988612067, -0.17309500744158868, -0.1467050001519965, -0.6286349864240037, -0.21110500180657255, -0.28465000657888595, 0.135249996172206, -0.18034000627085334, -0.1904949911913718, -0.09945500994945178, -0.15520000120159239, -0.11833499375643441, -1.8235649861453567, -0.16550000342977, -0.14261499734129757, -0.17644499801826896, -0.11549500503315357, -0.2035350073419977, -0.4331449945239001, -0.2248150053928839, -0.15057000693195732, -0.22742500984895742, -0.784949996836076, -0.5343399977136869, -0.1878950063328375, -0.38599999949656194, -0.5241749993947451, -0.3983000043153879, -0.29520499979844317, -0.059350000592530705, -0.11857500435144175, -0.1705650108269765, -0.4861049968749285, -0.16698999614891363, -0.11818500411027344, -0.2086550012245425, -0.2650850009813439, -0.2457850096761831, -0.5296849958540406, -0.2009599964512745, -0.4374950088749756, -0.13231500604160829, 0.11058000092452858, -0.1476650018739747, -0.2966999983327696, -0.8486200068873586, -0.091160003481491, -0.21933499626175035, -0.16577000162942568, -0.23861000267788768, -0.418910003711062, -0.23227500030043302, -0.2964699954682146, -1.4577299880693317, -0.20484000139549607, -0.0750399955213652, -0.17237999484495958, -0.13612001014553243, -0.7288000043408829, -0.018199996768089477, -1.0217199909311603, -0.1795150026009651, -0.23557000975415576, -0.8678499829547945, -0.48909999490570044, -0.5058349965329398, -0.33742501320375595, -0.2996800020118826, -0.00387500504439231, -0.82245000727562, -0.10087501111411257, -0.13796500524767907, -0.16611000193370273, -0.006970002847083379, -0.6075250006906572, -0.09960500232409686, -0.11336000722803874, -1.7306599899675348, -0.591239992325427, -0.37241000967333093, -0.02807001208566362, -0.321190002039657, -0.6179100054359878], "reward_time": [0.0992924589663744, 0.13068908406421542, 0.23880687495693564, 0.4566188750322908, 0.47345904202666134, 0.5553166250465438, 0.6336242500692606, 0.6671747090294957, 0.7215288339648396, 0.8141099170316011, 0.8725837919628248, 1.002409250009805, 1.085204084054567, 1.2154629590222612, 1.2386617499869317, 1.3160905840341002, 1.3533234170172364, 1.4246549169765785, 1.4496961670229211, 1.4753100840607658, 1.5208939999574795, 1.5635356249986216, 1.6375523749738932, 1.6963977919658646, 1.7284990419866517, 1.755986834061332, 1.7746163749834523, 1.800033500068821, 1.817473000031896, 1.8523500000592321, 1.8735866249771789, 1.9749815000686795, 2.0102086249971762, 2.039396084030159, 2.078350916970521, 2.2189019169891253, 2.2670782500645146, 2.3571910840692, 2.394893249962479, 2.4711439170641825, 2.4922283340711147, 2.516936458996497, 2.639386959024705, 2.6911246670642868, 2.7925856669899076, 2.8220996250165626, 2.925017458968796, 2.955988166970201, 2.988981749978848, 3.018852708977647, 3.051199792069383, 3.0750435000518337, 3.13804308406543, 3.202674041967839, 3.3751847919775173, 3.5276685419958085, 3.7347009170334786, 3.8078662090701982, 4.203498417045921, 4.2431495420169085, 4.302903792005964, 4.646798792062327, 4.922595000010915, 5.108770083985291, 5.2966268750606105, 5.411143874982372, 5.585730000049807, 5.954062500037253, 5.996201000059955, 6.2316870000213385, 6.301050459034741, 6.53250091697555, 6.560905084013939, 7.0366138339741156, 7.634421417023987, 7.809468541992828, 8.27909429196734, 8.34547579206992, 8.402995584066957, 9.155471625039354, 9.364588791970164, 9.905607499997132, 10.34220579196699, 10.463635209016502, 10.534313917043619, 10.889775583986193, 11.477589125046507, 11.579450084012933, 12.087385541992262, 12.192123749991879, 12.2208527920302, 12.57836300006602, 12.649992458987981, 12.725477291969582, 13.623152042040601, 13.793785042013042, 13.82104758406058, 14.010483624995686, 14.124537667026743, 14.194001334020868, 14.896183167002164, 15.032832166994922, 15.291647542035207, 15.685339750023559, 15.834840791998431, 16.108703542035073, 16.229829416959547, 16.46136537496932, 16.640762167051435, 18.722303500049748, 18.81032645900268, 18.97698949999176, 19.068860084051266, 19.198382833972573, 19.253389124991372, 19.933888375060633, 19.968985666986555, 20.07603650004603, 20.166876667062752, 20.796664500026964, 22.538936709053814, 22.731009499984793, 23.039767500013113, 23.667802584008314, 24.00217250001151, 24.332259624963626, 24.787049209000543, 24.881452333997004, 25.577733666985296, 26.42296737502329, 26.655929208965972, 26.772949084057473, 26.832676667021587, 27.164677583961748, 27.188611084013246, 27.960076999966986, 28.17086025001481, 28.529271292034537, 28.645639708964154, 29.344163417001255, 29.457565834047273, 30.017619583988562, 30.87401716702152, 31.026428499957547, 31.122836417052895, 31.215386500000022, 31.768931042053737, 32.319417917053215, 32.392342125065625, 33.38203470897861, 36.1724305000389, 36.350769208977, 37.36804745905101, 38.61300450004637, 38.97147583402693, 39.68929679202847, 40.62499287503306, 41.83244283404201, 42.919788209022954, 42.943660374963656, 44.793889124994166, 46.865894000045955, 47.81072762503754, 48.511150417034514, 48.736926292069256, 48.9644248749828, 49.88994875003118, 50.053225709008984, 50.18163316696882, 50.31813929206692, 50.618637084029615, 52.718464334029704, 52.91663975000847, 53.595972042065114, 56.88500362506602, 57.57176979200449, 57.968800500035286, 58.358665041974746, 58.75577262497973, 61.34882329206448],