{"training_time": 600, "track_number": 87, "global_volatility": 0.37305551050343094, "model_size": 368911, "policy_time": 0.0048538410001128796, "policy_score": -0.126558936555855, "reward_history": [-0.27024501396226697, -0.2544900136854267, -0.31219001405406743, -0.2892850096177426, -0.3032849885057658, -0.2537200006408966, -0.2751499887672253, -0.29766500453843037, -0.3367200044376659, -0.3458249884133693, -0.28005501406732947, -0.29716500499489484, -0.40772000869037583, -0.2685550141031854, -0.24061000496294582, -0.2516100049033412, -0.2458250141935423, -0.2459200096782297, -0.3086400051251985, -0.28751498862402514, -0.3006900093751028, -0.24103000055765733, -0.2465150052739773, -0.2509750053141033, -0.26318998864735477, -0.21902000215050066, -0.2566500050961622, -0.25351501419208944, -0.2740150142708444, -0.24674500527908094, -0.2511500051259645, -0.2410700005493709, -0.23530000071332324, -0.2418800097075291, -0.27501498855417594, -0.29001500493177446, -0.10086500272154808, -0.24066499583568657, -0.25047500078653684, -0.24565000515576685, -0.2459200096782297, -0.2457850096761831, -0.2407450052924105, -0.24047500044252956, -0.22441000640537823, -0.0953650027513504, -0.2561900097934995, -0.24101500530377962, -0.24638000526465476, -0.2521500143921003, -0.2471500097308308, -0.2633249888604041, -0.26834000063536223, -0.10086500272154808, -0.2685700006404659, -0.3101650093740318, -0.2506500053059426, -0.2511500098335091, -0.2506500053059426, -0.26765000974410214, -0.24928999548137654, -0.2740549885784276, -0.25178500966285355, -0.2457850096761831, -0.2457850096761831, -0.24642001421307214, -0.0953650027513504, -0.24565000515576685, -0.2457850096761831, -0.2482050139878993, -0.24128501419909298, -0.2506500053059426, -0.2457850096761831, -0.2511500051259645, -0.0953650027513504, -0.20099501383083407, -0.24474498891504481, -0.380474996229168, -0.0953650027513504, -0.38775999619974755, -0.9643799851764925, -0.28965000191965373, -0.24066499616310466, -0.3309199883660767, -0.2351649958654889, -0.24134000539925182, -0.24151501420419663, -0.2756100139231421, -0.5698849945838447, -0.49644000414264156, -0.0953650027513504, -0.3666900091629941, -0.3041499885439407, -0.0953650027513504, -0.2647450143995229, -0.448204987536883, -0.6146150120403036, -0.1506700003737933, -0.0953650027513504, -0.2526500141539145, -0.7082649973162916, -0.11691499996231869, -0.23872999707236886, -0.2392099894641433, -1.5619249902301817, -0.23516499619290698, -0.1968200039846124, -0.0953650027513504, -0.19792999632045394, -0.2514599997375626, -0.8936599930675584, -0.43888999510818394, -0.20281999284634367, -0.2639150020768284, -1.1501049952858011, -0.1658650073732133, -0.14931501050887164, -0.13377499334455933, -0.1710950067063095, -0.14212499754648888, -0.23162500075704884, -0.2086150069735595, -0.20013000342441956, -0.24211500349338166, -0.26296000344882486, -0.8463650115154451, -0.25673000029928517, -0.2733450048035593, -0.22972000665322412, -0.4890449964805157, -0.23214000494772336, -0.24061000496294582, -0.263600014608528, -0.146330006995413, -0.3315100033869385, -0.29041999612672953, -0.17100000277423533, -0.36809998865646776, -0.20533500129386084, -0.24634000075457152, -0.2568800098160864, -0.26751500523096183, -0.25751500521437265, -0.2624750003233203, -0.31610999485565117, -0.2461100049331435, -0.8939499938860536, -1.054430007134215, -0.22495000027265633, -0.13973500550491735, -0.32839999905991135, -0.24211001413641497, -0.10086500272154808, -0.22861500219005393, -0.23722000523412134, -0.2505700098336092, -0.24103000474133296, -0.10636500269174576, -0.42319500292796874, -0.24452000084420433, -0.19074000287946546, -0.2934400094600278, -0.22279000519483816, -0.11186500266194344, -0.24510001383896451, -0.33189499946456635, -0.3712450050225016, -0.24557500966329826, -0.5151750124641694, -0.2670650097934413, -0.227560000581434, -0.7442299864051165, -0.2397400071276934, -0.2186950025643455, -0.24862000221764902, -0.7695849968586117, -0.2619900052668527, -0.25425500085839303, -0.5571000078707584, -0.3528149940611911, -0.24625500667025335, -1.0151549949514447, -0.7847249858241412, -0.7019499915695633, -0.8785350071339053, -2.708694977336563, -0.5319499948818702, -0.21295500458654715, -0.1757649942446733, -0.6413900075203856, -0.12072499679925386, -0.7816249970564968, -0.4670549924048828, -0.288654997915728, -0.7148000013476121, -0.3099500009120675, -0.8375300049519865, -1.131349985524139, -0.329154988990922, -0.35980498701974284, -0.7792499876377406, -0.15258499567426043, -0.40728501395642525, -0.27684500517352717, -0.5212800131703261, -0.3488050020823721, -0.12209500131575624, -0.0953650027513504, -0.2496400098243612, -0.05425500047567766, -1.0264999943465227, -1.3301599928890937, -0.5606450037885224, -0.1816200071334606, -0.0953650027513504, -1.6818400000265683, -0.2694100140797673, -1.0023249945952557, 1.8858699958218494, -0.26471501375635853, -0.10086500272154808, -0.4617000074213138, -0.01681999982247362, -0.029895002677221783, -0.7435299937933451, -0.43829499994171783, -0.16454499732208205, -0.4118200045413687, 0.4528449877325329, -0.18397000539698638, -0.250480005335703, 0.24383000960369827, 0.2623450027531362, -0.0953650027513504, -0.19559499785100343, 0.019599993524025194, 0.20072999117110157, 0.6366400050756056, -0.0953650027513504, -0.5954449970595306, 1.2638199982538936, -0.019819997665763367, 1.6200100134592503],