{"training_time": 2400, "track_number": 69, "Config_path": "./RacingCar2.config", "best_policy_path": "run_part1_2024-12-06_14:46:15/best_genome_2400sec_69tracks", "is_saved": true, "reward_history": [-190.14, -190.14, -151.65999999999968, -63.32000000000022, -62.01999999999953, 6.000000000002103, -15.35999999999791, 866.3800000000015, 1050.319999999999, 149.0200000000006], "reward_time": [186.39591927500442, 376.0758955219935, 567.7301287930022, 994.8373439349962, 1258.206527421993, 1492.0082858170063, 1746.3524666790036, 1966.6244600329956, 2216.109660617003, 2477.8115508710034], "global_volatility": 422.3370584923846, "model_size": 89, "policy_time": 0.00010607700096443295, "policy_score": -293.88333333333344}