{"training_time": 600, "track_number": 69, "Config_path": "./RacingCar2.config", "best_policy_path": "run_part1_2024-12-06_14:46:15/best_genome_600sec_69tracks", "is_saved": true, "reward_history": [-190.14, 121.4200000000008, -55.340000000000934, 130.97999999999996], "reward_time": [178.51773076999234, 362.7150171129906, 537.8947616169899, 978.3192577320006], "global_volatility": 133.32511053811308, "model_size": 87, "policy_time": 9.998799941968173e-05, "policy_score": -1979.685555555549}