{"training_time": 120, "track_number": 87, "global_volatility": 0.512003122794021, "model_size": 368911, "policy_time": 0.001020458061248064, "policy_score": -0.08605026051495829, "reward_history": [-0.26891000077011995, -0.2522449889947893, -0.30182498865178786, -0.2879750094143674, -0.2641500141180586, -0.26480000956507865, -0.2467450143158203, -0.2688800051691942, -0.2810150138975587, -0.3899200136656873, -0.28124500953708775, -0.2751499886289821, -0.25234001439093845, -0.24642001421307214, -0.2796650007003336, -0.24634000075457152, -0.3370700140367262, -0.25201500524417497, -0.27028498868457973, -0.27319000952411443, -0.22414000202115858, -0.337665009086777, -0.2521500096190721, -0.2740850064292317, -0.24634000075457152, -0.2688249888306018, -0.21606000514293555, -0.2750049962560297, -0.30705501389456913, -0.312920013879193, -0.27378500954364426, -0.24565000515576685, -0.28661000935244374, -0.2412850140608498, -0.30670500041742343, -0.31884000503487187, -0.22972000632580603, -0.24715001418371685, -0.24128501434461214, -0.24569000967312604, -0.2576500096474774, -0.24605498891469324, -0.28670500506996177, -0.2738400006055599, -0.25178500966285355, -0.24415500668692403, -0.24174501420930028, -0.3008250138955191, -0.29519000940490514, -0.2702450095966924, -0.28638001400395297, -0.25016499627236044, -0.22545000019454164, -0.5570700036478229, -0.24830000528891105, -0.33038001391105354, -0.24569000967312604, -0.3379349884708063, -0.24569000967312604, -0.24124500982725294, -0.2696100095708971, -0.24088000981282676, -0.2457850096761831, -0.2364350098214345, -0.2684750096668722, -0.24605501419864595, -0.2462850142037496, -0.24605501419864595, -0.25401501421583816, -0.18409499738481827, -0.3642100060460507, -0.3155700138595421, -0.27241000495268963, -0.2412850140608498, -0.24088001400377834, -0.48337999879731797, -0.16822999478608835, -0.27259501421940513, -0.018669992015929893, -0.1858749980601715, -0.24115000982419588, -0.26365000958321616, -0.1761600104655372, -0.2280949971463997, -0.18852999737282516, -0.26787999540101737, -0.3845549882098567, -0.19996000040555373, -0.21959999616228743, -1.6265349819150288, -0.46274498772254447, -0.368785013561137, -0.26769000955391675, -0.29001500493177446, -0.2841900094645098, -0.7557999943965115, -0.6721650030012825, -1.0639149964190437, -0.7342550103348913, -0.10641000089526642, -0.6684149945722311, -0.5248749872625922, -0.1939699983340688, -0.21871999718860025, -0.3345900002095732, -0.6217050051054684, -0.20759000391990412, -0.22990999608009588, -0.22972000632580603, -0.13540999912947882, -0.21461500668374356, -0.11437499601743184, -0.20013000668404857, -0.2116750033965218, -0.5049800040433183, -0.5878999873239081, -0.20980999417224666, -0.18700999792781658, -0.13894999767944682, -0.11526500857871724, -0.053330002272559796, -0.2258549890757422, -0.19309000184875913, -0.3338249969019671, -0.13370999474136624, -0.22188500064658, -0.1489899983862415, -0.19699500231217826, -0.1093900061387103, -0.24872500213677995, -0.09664499522477854, -0.1833600009122165, -0.19087499794841278, -0.12999500683508813, -0.15694999657716835, -0.12528999436472077, -0.5815099992905743, -0.02852000431448687, -0.21937000062462175, -0.19100999362126458, -0.2511800143693108, -0.38171000817237655, -0.19672499359876383, -0.21479000138060655, -0.2283350095676724, -0.11199499700160231, -0.1344199928935268, -0.2301250049858936, -0.22981500652531395, -0.23103001395065803, -0.1596900013537379, -0.22474000570218777, -0.19245499720273074, -0.12337500611465657, -0.25577500982035417, -0.06565000845876057, -0.3359499886573758, -0.14735999927506782, -0.20408999632491032, -0.18398500668990891, -0.18262499421689427, -0.20249499314377317, -0.13735500765324105, -0.42480000872456003, -0.5493199936536257, -0.1896850052435184, -0.22454500100866426, -0.2305850005868706, -0.12998501507536275, -0.6968050017676433, 0.07513499619381037, -0.28236999829823617, -0.16243999993457692, -0.11467001071287086, -1.6033699934996548, -0.2416650049490272, -0.47355499986588256, -0.14099500283191446, -0.12333000677608652, -1.0435250082300627, -0.8367199988788343, -0.5304349927610019, -0.15620501343801152, -2.7157649960863637, -0.25272501442668727, -2.0030899994526408, -0.40767500826041214, -0.1971650093619246, -0.32349500291456934, -1.048915009421762, -1.0710999899165472, -3.434794986496854, -0.6846450022858335, -0.15361000967095606, 0.20383499378658598, 1.535634999134345, -0.7712949893975747, 0.14002499199705198, -1.032619999095914, -2.3242249923714553, 0.6666149946395308, 1.1468199937589816, -0.022340014358633198, 0.3472950012946967, 1.3629799864793313, 2.6325849895802094, 0.7712500056295539, 0.4274099954564008, -0.16582500116055598, -0.055894996017741505, 0.0336950048658764, 0.11021998925571097, -0.7722399988342659, 0.9495249955070904, 0.6386800038162619, 0.0840850017266348, -0.104630009867833, -0.04324499586073216, 0.7976149869500659],