{"training_time": 60, "track_number": 87, "global_volatility": 0.2298762891139921, "model_size": 368911, "policy_time": 0.0010475839953869581, "policy_score": -0.26431026040329203, "reward_history": [-0.2810150095319841, -0.2909200139984023, -0.23593500044808025, -0.2461100049331435, -0.2544250065184315, -0.24161000984167913, -0.3038399885990657, -0.3432050137780607, -0.2477850142167881, -0.25788000960164936, -0.30264000940223923, -0.26338000957184704, -0.27418998899520375, -0.31268998837913387, -0.251650009660807, -0.2525300005218014, -0.2539749888528604, -0.28141000460163923, -0.2035900028567994, -0.25682501413393766, -0.24697500537149608, -0.32515001366846263, -0.24124500982725294, -0.26322000963409664, -0.23566500072774943, -0.27438001427799463, -0.24569000967312604, -0.24047500076994766, -0.21673501391342143, -0.25788000522879884, -0.2264800068369368, -0.24161001435277285, -0.294045009140973, -0.24221999602013966, -0.24065000528935343, -0.2457850096761831, -0.23516499619290698, -0.25791998888598755, -0.23653000545164105, -0.34055498844827525, -0.24047500044252956, -0.26805500956834294, -0.24066499616310466, -0.23543500057712663, -0.26769000955391675, -0.23580000059155282, -0.2362749963212991, -0.24085499621287454, -0.1335950007487554, -0.24969500079168938, -0.22310001416190062, -0.20022999728098512, -0.18779499243100872, -0.29668499986291863, -0.21221000698278658, -0.19826499601185787, -0.3357849882449955, -0.2736900140589569, -0.2358400141383754, -0.20718999730888754, -0.26157500612316653, -0.3061500048279413, -0.24724500516458647, -0.2510450098707224, -0.2624200095888227, -0.28661000950523885, -0.2706650096879457, -0.24445999998715706, -0.24707000039779814, -0.24047500076994766, -0.20857500185229583, -0.22336000008363044, -0.19308499460021267, -0.4950150083459448, -0.2549600001075305, -0.24565000515576685, -0.24569000967312604, -0.26352500283974223, -0.4755949958052952, -0.2448850004657288, -0.2505700007895939, -0.7838850021580583, -0.16364999755751342, -0.4396800086979056, -0.4614249953083345, -0.2054600003757514, -0.5849650120799197, -0.3382649966151803, -0.23762500557495514, -1.1378700045170262, -0.14462500215449836, -0.3544650015755906, -0.6791449980300968, -0.225315009643964, -2.433894991532725, -0.24151501434971578, -0.2620450098038418, -0.552470003873168, -1.171045005597989, -0.21148000546963885, -0.1793400059104897, -0.2463800143013941, -0.19672499327134574, -0.14334000134113012, -0.15212500168127008, -0.1751350029662717, -0.24047500076994766, -0.20757499253522838, -0.14194999537721742, -0.2495450007772888, -0.24634000075457152, -0.23041000099328812, -0.1729500035289675, -0.43054999678133754, -0.22464000673789997, -0.2192349961042055, -0.1531100044521736, -0.17557999784185085, -0.09662000834214268, -0.18742999374808278, -0.1121050103174639, -0.14141000430390704, -0.16922999774396885, -0.24703000055160373, -0.1834600004949607, -0.3254100047997781, -0.11294000926136505, -0.5591399917757371, -0.17813499637122732, -0.25006999231118243, -0.056739994244708214, -0.18833500694745453, -0.18755499663529918, -0.525169996850309, -0.2760499934811378, -0.1846100067559746, -0.2483600066989311, -0.24927500663761748, -0.14416499322396703, -0.24464499655732652, -0.31701500655617565, -0.14421499848685926, -0.2955749959073728, -0.09079499205108732, -0.1043749943637522, -0.1673850062506972, -0.11504999547469197, -0.1722299962202669, -0.1488749950149213, -0.13046500019845553, -0.0076450028354884125, -0.048750006819318514, -0.291895008427673, -0.30292501359508606, -0.1609549964123289, -0.11679499263846083, -0.17608999121875968, -0.4619549865819863, -0.2416650050872704, -0.2060900004726136, -0.19572499320202041, -0.20172499362524832, -0.6247000071962248, -0.21702001391531667, -0.2508199963194784, -0.1637499994612881, -0.08997000702947844, -0.16567500722885597, -0.2613750006494229, -0.579595004375733, -0.375144999998156, -0.5213649977886234, -0.1064700131828431, -0.5504499991657212, -0.1250849998832564, -0.02030500551336445, -0.11935501177504193, -0.22898500521841925, -0.4302250090040616, -0.22338501270860434, -0.07158500277728308, -0.2042250019731, 0.2840799982295721, -0.49189999885857105, -0.4089849870579201, -0.20544000999507261, -0.11067000573530095, -0.18557499964663293, -1.2076599937281571], "reward_time": [0.09762837504968047, 0.11754508398007601, 0.13329150003846735, 0.15727162500843406, 0.31161950004752725, 0.35870904196053743, 0.4767373340437189, 0.6903274590149522, 0.7444406669819728, 0.8133006669813767, 1.0310189999872819, 1.0837199590168893, 1.1331091669853777, 1.2124723750166595, 1.2499066250165924, 1.323633125051856, 1.3928800839930773, 1.5288348339963704, 1.6159227089956403, 1.6439987500198185, 1.6885284590534866, 1.8308545839972794, 1.8717394169652835, 2.0304887499660254, 2.0873382090358064, 2.1483765420271084, 2.1656375840539113, 2.1977143340045586, 2.284381042001769, 2.344697833992541, 2.4337740420596674, 2.4698493749601766, 2.6372695000609383, 2.7089803339913487, 2.7309120419668034, 2.7559913749573752, 2.7959859169786796, 2.835748792043887, 2.885955458972603, 3.019684209022671, 3.048268291982822, 3.09305983397644, 3.1338672089623287, 3.1695719589479268, 3.307439250056632, 3.3563335420330986, 3.4323650000151247, 3.490658791968599, 3.540814792038873, 3.6804172090487555, 3.7880522089544684, 3.9299932500580326, 4.05479587498121, 4.357174874981865, 4.488122459035367, 4.5698553749825805, 4.723954292014241, 4.767073916969821, 4.8057264590170234, 4.9617101670010015, 5.172040709061548, 5.289093791972846, 5.34199545904994, 5.411508708959445, 5.450078709051013, 5.563547709025443, 5.709029291989282, 5.890055958996527, 5.950215958990157, 5.983603166998364, 6.065376749960706, 6.19596045895014, 6.376838834024966, 6.673646374954842, 6.863092749961652, 6.885142458952032, 6.904611542006023, 7.149670416954905, 7.5617470840225, 7.714006541995332, 7.749411792028695, 8.549886459019035, 8.664383625029586, 9.052333374973387, 9.67961870902218, 9.82373083406128, 10.39942220901139, 10.631241249968298, 10.697663584025577, 11.893125709029846, 12.037141209002584, 12.228073292062618, 13.758825791999698, 13.833889042027295, 16.83109237498138, 16.865847583976574, 16.96046249999199, 17.816686625010334, 19.416743792011403, 19.514069417025894, 19.910375542007387, 19.943878083955497, 20.012529750005342, 20.74034566699993, 20.91245970898308, 21.022943792049773, 21.051170374965295, 21.102677084039897, 21.213758624973707, 21.25752508395817, 21.304783459054306, 21.3711505420506, 21.555243417038582, 22.00994775001891, 22.061848583980463, 22.12179812497925, 22.228475374984555, 22.324847875046544, 22.52846145897638, 22.623717417009175, 22.94975270901341, 23.073068334022537, 23.17628033400979, 23.23777791694738, 23.32979999994859, 23.540626917034388, 23.733274374972098, 24.657252999953926, 24.789528834051453, 25.104997458984144, 25.748007124988362, 25.860100083984435, 26.08691804204136, 27.15769270900637, 28.10196691704914, 28.34087333397474, 28.47888445900753, 28.52373625000473, 28.64677600003779, 29.998139709001407, 30.64563620905392, 31.198971249978058, 31.542247917037457, 31.805872124969028, 32.366326624993235, 32.69989000004716, 32.988823499996215, 33.278570124995895, 33.57494245900307, 33.69236624997575, 33.88451004202943, 34.210260792053305, 34.90166429197416, 35.104211708996445, 35.44622100004926, 35.6437914170092, 36.24456500005908, 37.6018234170042, 37.65192154201213, 37.77303112496156, 38.44295191694982, 38.50262216699775, 39.62326304195449, 39.719441708992235, 39.82743845903315, 40.04618325002957, 40.21327604202088, 40.31726462498773, 40.65406145900488, 42.215260667027906, 42.589390750043094, 43.67794404202141, 43.985141542041674, 46.14747158403043, 46.91938670899253, 47.16312737495173, 48.44552291696891, 48.9575412919512, 49.24680687498767, 49.97779370902572, 50.91472091700416, 51.008655542042106, 52.43966100004036, 54.019930624985136, 54.82613358402159, 54.913030875031836, 55.393528416985646, 56.70045400003437, 61.87037708400749],