{"training_time": 600, "track_number": 87, "global_volatility": 0.41212065764588557, "model_size": 368911, "policy_time": 0.004992568000488973, "policy_score": -0.23378563515751333, "reward_history": [-0.29151500944863074, -0.2629199888324365, -0.29115001400350593, -0.3545299886900466, -0.3034500135690905, -0.25847500962845515, -0.317824988742359, -0.26282501412788406, -0.2749350049198256, -0.25175998895429075, -0.2463550139364088, -0.24647500526771182, -0.2627850096032489, -0.24047500076994766, -0.3508149956105626, -0.29857001361233415, -0.26178500976675423, -0.2309899960309849, -0.23580000058427686, -0.26278501411434263, -0.25261001430044416, -0.25755501416279003, -0.24047500044252956, -0.2254100068093976, -0.2505050098479842, -0.24138000982929952, -0.2955550094193313, -0.2741549974452937, -0.2515150051403907, -0.253380009526154, -0.29705498850671574, -0.2908249887113925, -0.2621500050663599, -0.24299000991595676, -0.2627450051732012, -0.29668998849228956, -0.2300850066676503, -0.33084500054246746, -0.29475000197271584, -0.12991999751102412, -0.25012500079901656, -0.2573800052050501, -0.2137900067391456, -0.24565000515576685, -0.23081500058469828, -0.29515000488754595, -0.24569000967312604, -0.25119001435814425, -0.24392500617250334, -0.2478400143008912, -0.301055009389529, -0.23516499619290698, -0.24565000515576685, -0.22972000665322412, -0.24569000967312604, -0.24605500968755223, -0.24088001400377834, -0.2576899890846107, -0.2398300097847823, -0.25719001414836384, -0.21422499270556727, -0.2465150052739773, -0.21425000739691313, -0.20870999719772954, -0.24047500044252956, -0.24161000968888402, -0.24080000068352092, -0.2511500051259645, -0.24597500041272724, -0.25265000970102847, -0.2305850003976957, -0.2357600004906999, -0.21342499796446646, -0.2810150140430778, -0.26165000524633797, -0.2506500053059426, -0.22972000665322412, -0.2739200095529668, -0.2631500096176751, -0.2515550096577499, -0.22414000234857667, -0.6724500021664426, -0.24565000515576685, -0.2457850096761831, -0.3126899887865875, -0.26769000955391675, -0.23516499619290698, -0.19127999800548423, -0.4934200083371252, -0.24569000967312604, -0.5397450079908594, -0.679854986970895, -0.3409350045621977, -0.24088001400377834, -0.3620549881015904, -0.24661001397907967, -0.24178498879336985, -0.12024999964341987, -0.24565000515576685, -0.23535499624267686, -0.23541000634577358, -0.23748999717645347, -0.16368999840051401, -0.18959499735501595, -0.20939999583060853, -0.23035500052355928, -0.17712000256142346, -0.13768000494746957, -0.43358499598980416, -0.20178499742178246, -0.16550000294228084, -0.6103599930211203, -0.2633800051989965, -0.4528949875966646, -0.3426249996846309, -0.15859000622003805, -0.21813499587005936, -0.1538549990291358, -0.8098549851565622, -0.22985499627247918, -0.2578700080412091, -0.23104500045155874, -0.25023500012321165, -0.27720501422300003, -0.22604500020679552, -0.23076000058063073, -0.5080149951318162, -0.3544899879489094, -0.6041899963311153, -0.0002299876432516612, -0.37097000829089666, -0.15305500240356196, -0.30094000616372796, -0.28875500533467857, -0.14929999714513542, -0.14626000599673716, -0.1800549974432215, -0.19963000057759928, -0.19720000314555364, -0.04600999824469909, -0.25760500442265766, -0.19072999919444555, -0.5063600030334783, -0.11297001045022625, -0.19922499723907094, -0.20378500125661958, -0.23950499326747376, -0.197265007023816, -0.1638050002802629, -0.12988500458595809, -0.457655014230113, -0.20798000735521782, -0.20199500206217635, -0.385975001816405, -0.11907500457164133, -0.16934000230685342, -0.1858749980601715, -0.15851499715063255, -0.012955004611285403, -0.07736500348255504, -0.3492449962286628, -0.22101999692677055, -0.1467050001519965, -0.10613999278575648, -0.12605999995139427, -0.2785349887999473, -0.16617499690619297, -0.24064499833912123, -0.2248150053928839, -0.2680500052811112, -0.3213950095596374, -0.8901849858739297, -0.2297750068391906, -0.26158999626204604, -0.20475001347222133, -0.1922800026659388, -0.11947999936819542, -0.15419500336429337, -1.0006349948307616, -0.2748400080454303, -1.6569800035576918, -0.20683498762809904, -0.07600000555248698, -0.08954499872925226, -0.33654500613192795, -0.11071000972879119, -0.13329000377416378, -0.1939550061360933, -0.15243500236829277, -2.2402399929924286, -0.42129001072316896, -0.19701999480457744, -0.3482000053700176, -0.2335550113057252, 0.13669001628295518, -0.3237650107985246, -0.16372999777377117, -0.80366001278162, -0.03162500082544284, -0.19552501459111227, -0.9619649933229084, -1.4911999835603638, -0.37844499595667, -2.2055449948020396, -0.35220499533897964, -0.19052000036026584, -0.24422001397033455, -0.43253499518323224, -1.2434699972436647, 0.18851000294671394, 0.07857999916450353, -0.12266499343240866, 0.24101500212418614, 0.13674499741318868, -0.09264499810524285, -0.2752249994664453, 0.08646000974113122, 1.654274984386575, -0.12479499400797067, 0.7870899996050866, 1.956984993914375, 1.7851499896860332, 1.369459989873576, 1.849854975946073, 0.12219999356602784],