{"training_time": 2400, "track_number": 8, "Config_path": "./RacingCar.config", "best_policy_path": "run_part1_2024-12-05_16:02:41/best_genome_2400sec_8tracks", "is_saved": true, "reward_history": [-190.73, -54.57999999999987, -54.57999999999987, -190.73, -190.73, -182.5, -190.73, -157.81000000000006, -157.54000000000002, -21.449999999999875], "reward_time": [41.280548017, 160.38183356199988, 310.2144868659998, 847.2602871130002, 1196.1566711300002, 1417.9811997719999, 1682.1241287740004, 1927.9946274980002, 2199.8171104580006, 2433.5875094930007], "global_volatility": 64.31567006570022, "model_size": 82, "policy_time": 0.00010209999982180307, "policy_score": -344.62265822784815}