{"training_time": 2400, "track_number": 40, "Config_path": "./RacingCar.config", "best_policy_path": "run_part1_2024-12-05_16:02:41/best_genome_2400sec_40tracks", "is_saved": true, "reward_history": [-190.73, -190.73, -190.73, -190.73, 65.36999999999989, 433.38999999999953, -111.86999999999995, 106.56000000000006, 40.54000000000002, 12.220000000000027, -185.75, -37.90999999999997], "reward_time": [41.20471858399833, 154.1706382509983, 286.2346636579987, 709.0540962079995, 1012.9293146109994, 1253.355923305, 1490.6277984319986, 1694.6865535379984, 1913.2309908649986, 2115.883825847999, 2298.9205687489994, 2490.9913626869984], "global_volatility": 178.66504126087443, "model_size": 86, "policy_time": 0.00010260499948344659, "policy_score": -318.61106382978727}