{"training_time": 3600, "track_number": 69, "Config_path": "./RacingCar.config", "best_policy_path": "run_part1_2024-12-05_16:02:41/best_genome_3600sec_69tracks", "is_saved": true, "reward_history": [-190.73, -190.73, -112.86999999999989, -107.87, -113.68, -108.68, -100.27999999999963, 135.47000000000003, -45.339999999999975, -15.559999999999945, 8.760000000000105, 349.6599999999997, -114.32999999999998, 241.43000000000006, 266.5500000000002, 2254.6999999999935, 356.5500000000001, 3998.069999999981], "reward_time": [38.91023626099923, 147.55832802100122, 276.59524199099906, 719.516720096999, 940.7708740429989, 1181.7618102019987, 1415.8867303119987, 1656.5538932880008, 1867.1078519660005, 2071.538957716999, 2289.1936728969995, 2507.546603007999, 2711.1216713930007, 2887.3706511819983, 3082.2921806859995, 3300.8953796239985, 3505.524470818, 3738.0872018320006], "global_volatility": 1034.3388391941119, "model_size": 75, "policy_time": 8.824700125842355e-05, "policy_score": -239.3511111111111}