{"training_time": 3600, "track_number": 40, "Config_path": "./RacingCar.config", "best_policy_path": "run_part1_2024-12-05_16:02:41/best_genome_3600sec_40tracks", "is_saved": true, "reward_history": [-190.73, -190.73, -190.73, -190.73, -174.58999999999992, -7.400000000000034, 131.96000000000015, -32.90999999999997, 140.7700000000002, -32.90999999999997, -48.90999999999997, -21.28000000000003, 64.82999999999993, 65.67000000000002, 246.68, 52.940000000000055, 76.47999999999996], "reward_time": [40.68643587400038, 158.49837105900042, 299.9054029560011, 770.3012611600006, 1029.0936429449994, 1282.1826879660002, 1508.6126148420008, 1740.039027570001, 1973.9049076070005, 2164.403092126, 2395.943273983001, 2617.419137193001, 2871.3860130839985, 3123.2546224829985, 3336.154881610999, 3569.479017865002, 3777.849605321002], "global_volatility": 130.82473841749854, "model_size": 76, "policy_time": 9.558500096318312e-05, "policy_score": -380.38893617021284}