{"training_time": 3600, "track_number": 8, "Config_path": "./RacingCar.config", "best_policy_path": "run_part1_2024-12-05_16:02:41/best_genome_3600sec_8tracks", "is_saved": true, "reward_history": [-190.73, 80.66000000000014, -190.73, -190.73, -135.5399999999999, -130.2499999999999, -123.68000000000012, -111.21999999999998, -158.93999999999977, -157.81000000000006, -125.84000000000003, 1.3300000000001546, -43.149999999999864, -126.9199999999999, -134.7299999999999], "reward_time": [42.47427349600002, 185.55633508600022, 330.01757858400015, 889.51285818, 1225.3492959260002, 1532.6240699730006, 1784.8544717449995, 2042.8093195339998, 2289.194264281, 2566.767320522001, 2786.1025766579996, 3013.045139887, 3237.1031099399997, 3475.395482369001, 3717.912981712], "global_volatility": 72.72213692007563, "model_size": 81, "policy_time": 9.608999971533194e-05, "policy_score": -853.5702531645571}