{"training_time": 600, "track_number": 40, "Config_path": "./RacingCar.config", "best_policy_path": "run_part1_2024-12-05_16:02:41/best_genome_600sec_40tracks", "is_saved": true, "reward_history": [-190.73, -190.73, -190.73, 8.490000000000123], "reward_time": [40.9941712079999, 162.72430995800096, 295.1476972920009, 761.1088323750009], "global_volatility": 86.26479047096798, "model_size": 81, "policy_time": 9.416800094186328e-05, "policy_score": -436.6412765957446}