{"training_time": 600, "track_number": 8, "Config_path": "./RacingCar.config", "best_policy_path": "run_part1_2024-12-05_16:02:41/best_genome_600sec_8tracks", "is_saved": true, "reward_history": [-190.73, -190.73, -139.0, -190.73], "reward_time": [43.0780033609999, 166.33641760799992, 347.7033573140002, 850.2107031820001], "global_volatility": 22.3997470688845, "model_size": 83, "policy_time": 9.535800018056761e-05, "policy_score": -462.90506329113924}