{"training_time": 600, "track_number": 87, "global_volatility": 0.3544768668041447, "model_size": 368911, "policy_time": 0.0057097089998023876, "policy_score": -0.02156158723185779, "reward_history": [-0.2969750140691758, -0.2873800140514504, -0.26400500615272904, -0.25655500980792567, -0.24393500972655602, -0.25205501419259235, -0.28455500947893597, -0.2896100051148096, -0.31033998876228, -0.2630550141329877, -0.2589350140551687, -0.23689500973705435, -0.27538000940694474, -0.24243500966986176, -0.2739200095529668, -0.24565000515576685, -0.25436000285844784, -0.25201500524417497, -0.23012499600008596, -0.24596001420286484, -0.323190013790736, -0.25174500523280585, -0.25238000525860116, -0.25242001420701854, -0.24088000529445708, -0.3909750090679154, -0.2786900094943121, -0.26089501448586816, -0.2727850097071496, -0.24061000529036392, -0.24688000528840348, -0.2929900003146031, -0.3260449957087985, -0.2526100051254616, -0.28482501400867477, -0.2857850140426308, -0.21487500641524093, -0.33369000934180804, -0.23252999374381034, -0.16732500059879385, -0.23089500523929019, -0.24565000515576685, -0.19472999731078744, -0.2744200140296016, -0.24569000967312604, -0.30165000940905884, -0.33955500918091275, -0.25169001417816617, -0.24569000967312604, -0.2515550096577499, -0.2525300050256192, -0.23657001448736992, -0.20239999373734463, -0.22972000665322412, -0.22504500033392105, -0.3274599966243841, -0.28565001412061974, -0.39589498841087334, -0.4804750083712861, -0.39418000873411074, -0.25655500980792567, -0.24101500981487334, -0.18015999808267225, -0.31401501412619837, -0.2494299965983373, -0.24774499991326593, -0.2380049998027971, -0.35495999647537246, -0.6020600032279617, -0.22540999614284374, -0.2649350137580768, -0.2857599955823389, -1.3061849903751863, -0.19198499702179106, -0.3551100010154187, -0.4090349878242705, -0.22531500065815635, -0.46286999402946094, -0.5603750121954363, -0.8261499917425681, -1.022045009653084, -0.26232501410413533, -0.2621900142985396, -0.267825014074333, -0.268190014292486, -0.21542500083887717, -0.15042499289120315, -0.1109949923484237, -0.1969300033088075, -0.2759849946232862, -0.35270999062777264, -0.11218501086113974, -0.2835499934735708, -0.10151000291807577, -0.3823450139534543, -0.2623400052762008, -0.5150200126008713, -0.29625999575364403, -0.23811499623843702, -0.37539000207470963, -0.24410999348037876, -0.23111000510834856, -0.5932850078388583, -0.25022500666818814, -0.23620500981633086, 0.03610499482601881, -0.10329500639636535, -0.14485500234150095, -0.27747498845565133, -0.7620349921271554, -0.2730300008188351, -0.29636000520258676, -0.1842500021593878, -0.2603849953156896, -0.19601499802229227, -0.22972000665322412, -0.35192501388519304, -0.2512850096463808, -0.2221549959576805, -0.23871000168583123, -0.16455499847506871, -0.23049000937317032, -0.25818500534660416, -0.8602300113125239, -0.4328099867416313, -0.22451999746408546, -0.3575049972132547, -0.21764499841083307, -0.16208999675291125, -0.11004999712895369, -0.28166000654164236, -0.3365700093272608, -0.1344799928192515, -0.2321700008105836, -1.270714991427667, -0.01231000558618689, -1.6260550006263657, -0.12225499517808203, -0.5940599998211837, -0.2164650140402955, -0.2349700004197075, -0.20723000162251992, -0.2799500077817356, -0.2154099947802024, -0.3616549887228757, -0.4096999968533055, -0.203265006915899, -0.25031501435296377, -0.23142499617824797, -0.24088001433119643, -0.2192899961519288, -0.21631999569945037, -0.24743500525073614, -0.20353500618512044, -0.19849499587144237, -0.2375449961182312, -0.1091649992740713, -0.10391500350669958, -0.36321000390307745, -0.5192300044946023, -0.16827001041383483, -0.17417500619922066, -0.19708999361319002, -1.898054990429955, -1.9915649941831362, 0.004175001988187432, -0.26543000382662285, -0.2813249954779167, -1.2914800057988032, -0.3226350097247632, -1.1266699955667718, -0.46443500203167787, -0.5262750045149005, -0.19207499700132757, -0.15437999720597873, 0.5966449838815606, -0.026025015431514475, 0.022450007512816228, -0.23019999534881208, -0.6207250005681999, -0.18511499014130095, -0.1109750152900233, -0.1310200103398529, -0.20253499266982544, -0.06081499729771167, -0.7682149977699737, 0.1706350001768442, -1.437174998667615, -0.1981250007156632, -0.1218149953201646, -0.321930005113245, -0.35504499985836446, 0.06382500870677177, -0.19355000638461206, 0.03883501289965352, -0.24186499135248596, -0.6877199997834396, 0.4585450068334467, 1.7176849968964234, -0.21084500371216564, 1.0079449822442257, 1.000495008440339, -0.5933950052567525],