{"training_time": 600, "track_number": 87, "global_volatility": 0.33379080323305493, "model_size": 368911, "policy_time": 0.005594674999883864, "policy_score": -0.5488636079931489, "reward_history": [-0.3665700135170482, -0.35236998809705256, -0.4027199879055843, -0.2537600050054607, -0.3697900095503428, -0.28591998876072466, -0.30364998866571113, -0.2841900141793303, -0.3072850141033996, -0.3642050138732884, -0.2631500097049866, -0.3103400137697463, -0.2785150051713572, -0.0953650027513504, -0.24770501410239376, -0.32835498869098956, -0.3131799998882343, -0.26292000961257145, -0.26951500956784, -0.24569000967312604, -0.3081500139378477, -0.22511500059772516, -0.2677450052360655, -0.24761000953731127, -0.2351649958654889, -0.24047500044252956, -0.28432501418865286, -0.2461100049331435, -0.24616499613330234, -0.26805500956834294, -0.25092000982840545, -0.34674501392873935, -0.24207000979367876, -0.25265000970102847, -0.26242001430364326, -0.25150499633309664, -0.2303549960051896, -0.21938500202668365, -0.26965000957716256, -0.26169000976369716, -0.2737850097473711, -0.2506500053059426, -0.24188001421862282, -0.2421500142372679, -0.3284199886547867, -0.24134000502817798, -0.24565000515576685, -0.25315001417766325, -0.26169000976369716, -0.24569000967312604, -0.24761000982834958, -0.24061000529036392, -0.17571499327459605, -0.2507849999819882, -0.28186999564786674, -0.25047500078653684, -0.24565000515576685, -0.20757499379396904, -0.25116500080912374, -0.24597500074014533, -0.2527450096386019, -0.2511500051259645, -0.24565000515576685, -0.2506500053059426, -0.27945998875657097, -0.35972999641671777, -0.24107000474032247, -0.4333249879127834, -0.2851500095857773, -0.24565000515576685, -0.2461900142079685, -0.24382500215870095, -0.2280949971463997, -0.2929350097547285, -0.24477499997010455, -0.29644999565789476, -0.25012500079901656, -0.5147500130697154, -0.25581500076077646, -0.2505700007895939, -0.5089599956409074, -0.595975012256531, -0.5937849950860254, -0.27448000527510885, -0.2818399997195229, -0.16672999763977714, -0.1744199972890783, -0.15870499785523862, -1.2535149944305886, -0.4648700088946498, -0.7667550117985229, -0.2477250066222041, -0.31480000117153395, -0.37411500183225144, -0.23227500481152674, -0.24371999893628526, -0.24350500216678483, -0.20485999620723305, -0.17934000179957366, -0.7762449951114831, -0.09148499282309785, -0.24699500214046566, -0.16041999378649052, -0.10346999535977375, -0.2607650143108913, 0.12987499165319605, -0.11186500266194344, -0.3878549919973011, -0.24290500917413738, -0.12969499656901462, -0.24590000500757014, -0.504425004190125, -0.207445003943576, -0.1694050034857355, -0.2749850098625757, -0.21180500063928775, -0.3763550047224271, -0.31893500453588786, -0.28493000048183603, -0.17461999235820258, -0.15247500404075254, -0.26176501437294064, -0.15203500100324163, -0.34358499399968423, -0.07710999636765337, -0.18165999690972967, -0.2485600021245773, -0.2673950006865198, -0.056759999810310546, -0.09541500399791403, -0.18637500247132266, -0.1916450028802501, -0.20959000183211174, -0.3296599993700511, -0.17440499699296197, -0.4837799986707978, -0.29703000466543017, -0.07564000062120613, -0.08771499893919099, -0.20757499346655095, -0.15256999521807302, -0.20028000582533423, -0.1276700099260779, -0.1844549956076662, -0.14200499665457755, -0.19471999652887462, -0.10887999530677916, -0.13547500233107712, -0.15785500105994288, -0.0953650027513504, -0.22981999267358333, -0.5245350006152876, -0.271560003333434, -0.1088199980877107, -2.101334990358737, -0.0010000068505178206, -0.14321999631647486, -0.12679498865327332, -0.12642500973015558, -0.18888500407047104, -0.3174150009872392, -0.3185599948701565, -0.36894999845389975, -0.37690000048314687, -0.39782499136344995, -0.06882500188658014, -0.057820000569336116, -0.8361699981760466, 0.3443649962791824, -0.15036500245332718, -0.4829299989360152, -0.7289500039405539, -0.10613000165176345, -0.40592999613727443, -0.17941999752656557, -0.43419499590527266, -0.3961249911080813, -2.102169991863775, -0.38051498656568583, -0.67275997903198, -0.241790009655233, -0.0953650027513504, -0.6710999966962845, -0.285770003865764, -0.41520499859325355, -0.1471850056623225, -0.34099998683086596, 0.7368049973010784, 1.5045150024961913, -0.0953650027513504, 1.758564982272219, 0.03321500113088405, 0.39975497940031346, -0.1989950141578447, -0.0953650027513504, -0.0953650027513504, -0.27034000110870693, -0.3836599974601995, -0.12230000138515607, 0.18591999799537007, -0.1170750053061056, 0.05103999882703647, -0.10603998922306346, -0.2440400020495872, 1.2132750029413728],