{"training_time": 21600, "track_number": 69, "Config_path": "./RacingCar.config", "best_policy_path": "run_part1_2024-12-06_08:49:23/best_genome_21600sec_69tracks", "is_saved": true, "reward_history": [-190.14, -190.14, -190.14, -83.61999999999955, -79.90000000000038, 213.41999999999985, -72.63999999999953, -72.63999999999953, 969.2999999999988, -28.11999999999864, -72.63999999999953, -3.739999999997849, 854.3799999999997, 102.98000000000019, 46.23999999999984, 886.2800000000015, 82.67999999999932, -72.63999999999953, 959.9400000000014, 265.6399999999981, 357.7799999999989, 358.6800000000006, 17.64000000000061, 553.5800000000004, -71.95999999999952, 387.4399999999984, 606.079999999999, 868.5000000000006, 39.66000000000025, 134.30000000000035, 6.200000000000614, 860.7600000000009, 58.760000000000446, -72.63999999999953, 892.7400000000015, 260.7800000000022, 1064.8199999999988, 707.8999999999997, 850.8800000000011, 882.8600000000015, 729.6999999999979, 999.3600000000007, 1045.2999999999995, 1035.019999999999, 777.2599999999982, 1057.2599999999998, 697.8599999999984, 753.999999999998, -63.57999999999964, 58.960000000000264, 311.3799999999985, 47.26000000000016, 4.220000000000539, 67.78000000000014, 1468.259999999998, -72.63999999999953, -72.63999999999953, 17.760000000000616, 17.760000000000616, 492.20000000000005, -61.83999999999952, -72.63999999999953, -62.63999999999953, -71.83999999999952, -28.240000000001373, 798.1399999999996, 29.360000000000525, -61.83999999999952, -72.49999999999955, -61.83999999999952, 386.52, 123.04000000000035, -62.63999999999953, -54.840000000000245, -72.63999999999953, 184.25999999999993, 43.82000000000022, 231.63999999999965, -72.63999999999953, 633.6599999999978, -51.83999999999952, 89.85999999999981, -62.63999999999953, -62.759999999999536, -72.63999999999953, 273.7399999999994, 273.7399999999994, 127.2599999999996, -51.83999999999952, -61.83999999999952, -62.63999999999953, 128.09999999999962, -72.63999999999953, 27.42000000000047, -62.63999999999953, -62.63999999999953, -62.63999999999953, -62.63999999999953, 1353.8999999999971, -72.63999999999953, -74.61999999999955, -62.63999999999953, 387.6799999999981, 6.960000000000605, -62.63999999999953, 187.03999999999832, -15.21999999999963, -72.63999999999953, 73.5400000000004, -61.83999999999952, 387.6799999999981], "reward_time": [193.5530966380029, 405.57843684600084, 579.0175224030027, 964.5744572940021, 1231.0571847719984, 1490.602483775001, 1736.5209262450007, 2009.9979961309946, 2243.076359132996, 2504.3419358409956, 2717.569039689006, 2945.1839778700014, 3191.20116633, 3439.514469645008, 3663.5762452599956, 3946.2782769650003, 4146.228182077997, 4379.932277437001, 4585.452316222007, 4795.570787924, 4992.493959524996, 5191.202578724995, 5412.435448179, 5614.549552696008, 5823.714114857001, 6021.324300101005, 6219.3801924719955, 6440.855101069996, 6660.307602420005, 6855.241622932001, 7060.350205239003, 7266.829686678997, 7477.211707845003, 7655.084828900006, 7875.935585009, 8106.146934304001, 8322.873807685006, 8568.069784656, 8784.325679102003, 9043.653220462998, 9264.907057929006, 9503.853162653999, 9724.681454922997, 9957.626485220004, 10159.634931436005, 10382.276547041001, 10582.561381304004, 10810.415383256004, 11010.444388056996, 11199.971838277, 11381.658341063005, 11561.421547565995, 11765.495325874006, 11953.142147472994, 12134.576219108996, 12307.638644605999, 12519.780656744995, 12718.199747068, 12874.424486102995, 13074.513338377008, 13294.336020736002, 13524.852390239997, 13720.131774179994, 13903.723001109007, 14065.796541092008, 14258.318797838998, 14442.035134593003, 14647.117414062996, 14825.910189447, 14994.026167815005, 15157.199109927002, 15326.786106127001, 15490.292425118001, 15658.249970195007, 15805.861735720995, 15972.172410182007, 16144.703084821995, 16313.188139904996, 16478.038573059, 16633.601041816997, 16804.017766209996, 16979.720445902996, 17162.355755489007, 17321.620376084997, 17450.635004928008, 17599.229890001, 17732.199945797, 17868.303733164, 18018.355544957994, 18188.155785916002, 18333.441378116004, 18487.689880601007, 18627.924266566006, 18759.436578346, 18930.523327725, 19109.122338821, 19293.042280375004, 19471.365443501003, 19646.242291160008, 19848.808632435997, 20008.981892189004, 20178.200812051007, 20343.600476012994, 20499.988803787994, 20672.671157957004, 20855.528123891003, 21022.562326852996, 21187.735029590003, 21346.373148755003, 21514.349408431, 21662.993777450996], "global_volatility": 394.6428186060748, "model_size": 59, "policy_time": 7.659400580450892e-05, "policy_score": -551.756666666666}