{"training_time": 2400, "track_number": 69, "Config_path": "./RacingCar2.config", "best_policy_path": "run_part1_2024-12-06_14:48:17/best_genome_2400sec_69tracks", "is_saved": true, "reward_history": [-190.14, -190.14, 424.7400000000006, 77.99999999999984, 863.8800000000012, -72.7399999999995, -181.4800000000003, -141.55999999999966, 869.7800000000013, 51.23999999999984, 45.839999999999975], "reward_time": [172.23145205499895, 373.6634832090058, 550.9500874259975, 955.4635734580079, 1267.5749495259952, 1484.1912851660018, 1685.7236897060066, 1895.800868063001, 2123.9780416410067, 2323.0248586060043, 2550.501090841004], "global_volatility": 381.8718725453901, "model_size": 88, "policy_time": 0.00011567999899853021, "policy_score": -495.4411111111111}