{"training_time": 2400, "track_number": 40, "Config_path": "./RacingCar2.config", "best_policy_path": "run_part1_2024-12-06_14:48:17/best_genome_2400sec_40tracks", "is_saved": true, "reward_history": [-190.14, -190.14, -165.25999999999993, 802.5400000000003, -72.63999999999953, -34.47999999999951, 905.4800000000017, 677.7999999999978, 891.3000000000015, 764.1999999999982, 52.03999999999877], "reward_time": [184.39533909299644, 378.80842651800776, 547.9714831870078, 914.0305082010018, 1154.9173102260102, 1371.5294457220007, 1585.6584345130104, 1824.030475063002, 2043.0733138450014, 2276.0453279290086, 2500.0936534390057], "global_volatility": 460.6680800247821, "model_size": 95, "policy_time": 9.96770104393363e-05, "policy_score": -366.3757446808511}