{"training_time": 2400, "track_number": 10, "Config_path": "./RacingCar2.config", "best_policy_path": "run_part1_2024-12-06_14:48:17/best_genome_2400sec_10tracks", "is_saved": true, "reward_history": [-391.99999999999994, -263.0799999999999, -256.65999999999985, -151.43999999999966, -143.49999999999966, 752.1199999999981, 802.64, 774.3199999999985, 861.0000000000013, 721.539999999998, 26.339999999998952], "reward_time": [190.8476160680002, 363.53502547799144, 525.3005703209928, 907.8121127060003, 1189.3610555779887, 1443.4968154799863, 1650.881850758, 1857.3726752189978, 2062.2423444519955, 2311.838269879998, 2502.660018190989], "global_volatility": 497.8339994565213, "model_size": 86, "policy_time": 9.369901090394706e-05, "policy_score": -368.21428571428555}