{"training_time": 3600, "track_number": 10, "Config_path": "./RacingCar2.config", "best_policy_path": "run_part1_2024-12-06_14:48:17/best_genome_3600sec_10tracks", "is_saved": true, "reward_history": [-393.5199999999999, -141.67999999999967, -85.01999999999828, 265.28000000000003, -207.83999999999975, -151.43999999999966, 720.0399999999979, 31.960000000001344, 291.1399999999999, 295.5799999999983, 261.75999999999846, 349.1799999999993, 270.6599999999988, 527.3399999999984, 753.5599999999978, 800.9199999999981, 708.6000000000001], "reward_time": [186.2816848060029, 371.44355106400326, 520.4191263090033, 931.711346895012, 1204.5320454050088, 1443.5579454000108, 1665.5337286650029, 1891.6593137040036, 2118.640259042004, 2321.5588172950083, 2504.7682262730086, 2703.203276928005, 2906.0628192450095, 3133.528006106004, 3350.0800203830004, 3579.4942275900103, 3809.3098875490105], "global_volatility": 357.90363232943236, "model_size": 94, "policy_time": 0.0001060719951055944, "policy_score": -286.362857142857}