{"training_time": 600, "track_number": 40, "Config_path": "./RacingCar2.config", "best_policy_path": "run_part1_2024-12-06_14:48:17/best_genome_600sec_40tracks", "is_saved": true, "reward_history": [-190.14, -190.14, -190.14, 67.93999999999987], "reward_time": [180.83895943099924, 359.1066073969996, 540.0280344670027, 912.0141230570007], "global_volatility": 111.7519181043439, "model_size": 86, "policy_time": 9.517799480818212e-05, "policy_score": -2566.420425531904}