{"training_time": 600, "track_number": 10, "Config_path": "./RacingCar2.config", "best_policy_path": "run_part1_2024-12-06_14:48:17/best_genome_600sec_10tracks", "is_saved": true, "reward_history": [-369.4599999999999, -353.69999999999993, -248.73999999999984, -164.10000000000025], "reward_time": [183.27097573201172, 379.7503278100048, 539.7734670190112, 890.7626542290091], "global_volatility": 83.33783534505791, "model_size": 86, "policy_time": 9.775799117051065e-05, "policy_score": -370.13948051948057}