{"training_time": 600, "track_number": 69, "Config_path": "./RacingCar2.config", "best_policy_path": "run_part1_2024-12-06_14:48:17/best_genome_600sec_69tracks", "is_saved": true, "reward_history": [-190.14, -190.14, -190.14, -190.14], "reward_time": [158.06213095699786, 352.1758670480049, 530.1998739920091, 956.2504554140032], "global_volatility": 0.0, "model_size": 89, "policy_time": 9.3039998319e-05, "policy_score": -1577.2266666666615}