{"training_time": 2400, "track_number": 69, "Config_path": "./RacingCar.config", "best_policy_path": "run_part1_2024-12-05_16:02:41/best_genome_2400sec_69tracks", "is_saved": true, "reward_history": [-190.73, -190.73, -190.73, 22.000000000000114, -102.25, 95.26000000000022, 49.31999999999999, 143.24999999999994, -47.68999999999994, 67.48000000000002, 358.1700000000001, 76.47999999999996], "reward_time": [42.13526667000042, 168.46917866600052, 286.4527689229981, 686.5005148889977, 925.2425674570004, 1160.706287623998, 1399.1868874249994, 1628.5980691839977, 1856.023042203, 2082.956659227999, 2295.3096068390005, 2517.2602302569976], "global_volatility": 156.09578445398697, "model_size": 83, "policy_time": 9.698599751573056e-05, "policy_score": -413.9100000000001}