{"training_time": 600, "track_number": 69, "Config_path": "./RacingCar.config", "best_policy_path": "run_part1_2024-12-05_16:02:41/best_genome_600sec_69tracks", "is_saved": true, "reward_history": [-190.73, -190.73, -190.73, -190.73], "reward_time": [38.99510803299927, 163.22425700700114, 306.02908707700044, 708.8310111380015], "global_volatility": 0.0, "model_size": 83, "policy_time": 0.0001013389992294833, "policy_score": -633.6083333333332}