{"training_time": 21600, "track_number": 69, "Config_path": "./RacingCar.config", "best_policy_path": "run_part1_2024-12-05_22:38:16/best_genome_21600sec_69tracks", "is_saved": true, "reward_history": [-190.73, -190.73, -190.73, -190.73, -178.77999999999997, -33.889999999999986, 7.399999999999977, 53.24000000000001, 57.700000000000045, -48.230000000000075, 23.45999999999998, 51.13000000000005, -17.969999999999914, 30.810000000000116, -138.72999999999996, 615.2599999999993, 153.98999999999995, 362.63, 367.36000000000007, -157.81000000000006, 20.380000000000052, -21.51000000000024, 357.36000000000007, 241.86000000000018, 108.92999999999995, 276.90999999999985, 2300.8899999999926, 254.64, 135.65999999999997, 84.74999999999989, 153.34999999999985, 620.6700000000006, 166.8899999999997, 68.91000000000014, 257.4500000000001, 363.4700000000001, 363.4700000000001, 219.94000000000005, 356.28000000000014, 686.8099999999994, 400.7999999999999, 80.50999999999996, 924.3800000000009, 257.4499999999998, 186.97000000000014, 3721.0799999999863, 910.8200000000004, 413.4199999999996, 566.22, 767.4999999999995, 3213.839999999988, 809.8299999999999, 3872.9499999999866, 819.0500000000002, 1247.2999999999997, 1984.0099999999968, 1997.289999999992, 1780.8399999999958, 4124.539999999985, 356.5500000000001, 337.01, 1460.2000000000012, 2516.369999999991, 4071.029999999981, 3756.4799999999877, 4301.269999999987, 3097.0999999999894, 4130.209999999984, 3512.729999999984, 3199.7999999999856, 3965.639999999985, 3864.0199999999822, 3552.679999999985, 3220.0599999999877, 4071.029999999981, 3424.629999999986, 4071.029999999981, 3332.4799999999864, 4070.219999999981, 3851.3299999999836, 3573.2599999999843, 4071.029999999981, 3538.659999999985, 4138.589999999984, 3951.0499999999847, 3979.1499999999814, 3134.499999999985, 4231.5499999999865, 4083.7299999999836, 4043.1999999999853, 4044.009999999985, 4084.5399999999836, 4071.029999999981, 4070.219999999981, 4045.0899999999815, 4071.029999999981, 4002.3899999999817, 4046.169999999985, 3951.0499999999834], "reward_time": [40.72876302000077, 149.40276032100155, 267.37746321099985, 683.1611764500012, 890.9295898380005, 1093.7210677809999, 1298.5850540930005, 1490.9984474859993, 1708.5059485780002, 1895.192940549001, 2070.478472529001, 2280.881430026002, 2477.469542609, 2668.6841655419994, 2853.535210460999, 3073.082984732002, 3323.5589453520006, 3517.0741393909993, 3714.6893509340007, 3894.693598995, 4081.676087869, 4296.809176514002, 4544.527444404001, 4767.067833235, 4950.767443601002, 5175.632467519001, 5422.056114466999, 5630.099213588001, 5853.091550499001, 6053.761359699001, 6292.229011265004, 6517.975072440004, 6707.090384751002, 6916.975738341, 7109.940120891002, 7301.577262127004, 7518.552113902002, 7740.824636389003, 7932.0477350850015, 8136.9493100479995, 8295.696892591997, 8455.462455976998, 8637.572453623001, 8849.613985886997, 9030.060457495001, 9205.518839615, 9396.078398082998, 9580.559262751998, 9787.322600565003, 10017.745338322002, 10232.807600245, 10444.101369218999, 10668.639690298001, 10860.125169207004, 11072.887794659004, 11253.731930331003, 11459.337930923004, 11671.381564177002, 11873.692693794004, 12098.832125572004, 12295.717945984998, 12531.943170633003, 12717.792354205001, 12936.190828296003, 13159.520439283999, 13391.801799662, 13630.006686853001, 13871.366878254998, 14105.344143684004, 14372.649679308004, 14587.206542007003, 14855.704983781998, 15084.561178295004, 15335.777299135003, 15591.494113249999, 15868.035846164003, 16126.572340291004, 16396.014724231, 16669.62030048, 16910.435031179997, 17167.485513732998, 17411.937869356003, 17666.476888199, 17875.447280666, 18116.452156247, 18356.631035692004, 18630.240455554, 18892.93866402, 19155.384040031004, 19426.051733963, 19711.293954601, 19954.889706157, 20210.694454095003, 20447.219312138997, 20711.090096404, 20934.268109426997, 21201.780628716002, 21460.370261755004, 21702.825622533997], "global_volatility": 1754.675329121279, "model_size": 83, "policy_time": 9.519999730400741e-05, "policy_score": 293.9877777777764}