{"training_time": 120, "track_number": 8, "Config_path": "./RacingCar.config", "best_policy_path": "run_part1_2024-12-05_11:37:57/best_genome_120sec_8tracks", "is_saved": true, "reward_history": [-190.73, -112.86999999999989, -112.86999999999989], "reward_time": [15.656241999997292, 71.55677561397897, 124.99114472197834], "global_volatility": 36.70355598878977, "model_size": 80, "policy_time": 7.872795686125755e-05, "policy_score": -385.0087341772151}