{"training_time": 120, "track_number": 40, "Config_path": "./RacingCar.config", "best_policy_path": "run_part1_2024-12-05_11:37:57/best_genome_120sec_40tracks", "is_saved": true, "reward_history": [-190.73, -190.73, -183.47999999999996, -107.87], "reward_time": [15.115204420988448, 59.082048241980374, 112.20657592598582, 300.6701617100043], "global_volatility": 34.958507816410005, "model_size": 83, "policy_time": 5.1377981435507536e-05, "policy_score": -452.93021276595755}