{"training_time": 60, "track_number": 69, "Config_path": "./RacingCar.config", "best_policy_path": "run_part1_2024-12-05_11:37:57/best_genome_60sec_69tracks", "is_saved": true, "reward_history": [-190.73, -190.73], "reward_time": [16.21582987596048, 60.535010872001294], "global_volatility": 0.0, "model_size": 80, "policy_time": 8.496403461322188e-05, "policy_score": -635.0827777777778}