{"training_time": 3600, "track_number": 69, "Config_path": "./RacingCar2.config", "best_policy_path": "run_part1_2024-12-06_14:48:17/best_genome_3600sec_69tracks", "is_saved": true, "reward_history": [-190.14, -190.14, -151.13999999999965, -56.01999999999845, -102.2599999999997, -80.82000000000147, -190.14, 365.77999999999906, 19.76000000000164, 101.92000000000058, 74.43999999999863, 1020.1200000000002, 787.5399999999985, 63.579999999998506, 827.3400000000005, 720.739999999998], "reward_time": [171.24152979100472, 350.8972326420044, 527.1569945290103, 927.9971724180068, 1197.664394006002, 1449.8555555159983, 1682.884895961004, 1912.9744232280063, 2109.8131661119987, 2355.4242494550126, 2582.954593612012, 2809.2482658470108, 3015.592264425999, 3222.8432874560094, 3425.722220625001, 3650.173005548], "global_volatility": 403.12624657171574, "model_size": 85, "policy_time": 9.262800449505448e-05, "policy_score": -222.23777777777778}