{"training_time": 3600, "track_number": 40, "Config_path": "./RacingCar2.config", "best_policy_path": "run_part1_2024-12-06_14:48:17/best_genome_3600sec_40tracks", "is_saved": true, "reward_history": [-190.14, -164.86000000000007, -190.14, -185.1399999999997, 69.98000000000252, 18.56000000000057, -46.78000000000071, 783.9199999999985, 839.1000000000008, 537.7999999999993, 987.5199999999999, 581.8400000000004, 1004.1600000000003, 94.74000000000035, 742.0199999999975, 740.9399999999985], "reward_time": [171.7767759589915, 359.21137692900083, 535.9155791569938, 921.4801060519967, 1179.2414985929936, 1378.1141933670006, 1576.872673823993, 1772.2539912020002, 1986.8860096269927, 2226.192158024991, 2432.1586890709877, 2676.7811796579917, 2930.4793351589906, 3160.575680280992, 3366.133251678999, 3601.6873848849937], "global_volatility": 447.43533303707665, "model_size": 87, "policy_time": 9.736200445331633e-05, "policy_score": -340.2957446808511}